timestamp,price_usd,volume_24h,market_cap,coin
2025-04-20 00:04:52.917,1613.6301991547682,5722208407.004602,194837334305.52097,ethereum
2025-04-20 01:04:39.409,1610.3813916865831,5786391859.5509,194352720394.79807,ethereum
2025-04-20 02:04:31.733,1617.0287009498843,5665523449.895606,195206603755.67487,ethereum
2025-04-20 03:04:45.022,1616.5175472674484,5475441527.777893,195122162484.0627,ethereum
2025-04-20 04:04:13.952,1610.9211687112993,5592957858.424005,194419185969.43073,ethereum
2025-04-20 05:01:02.976,1614.788005639417,5112833609.592049,194966352905.4976,ethereum
2025-04-20 06:01:10.365,1611.140165971942,5281606791.726892,194581543625.3117,ethereum
2025-04-20 07:04:36.978,1605.7741468713334,5152760465.006601,193825495783.8028,ethereum
2025-04-20 08:00:35.055,1595.3969937075979,5608567920.542978,192537994890.65372,ethereum
2025-04-20 09:04:20.766,1589.6437697694635,5721139789.499634,191867637532.28116,ethereum
2025-04-20 10:04:44.014,1591.0429817557037,5606639850.99031,191999833813.60324,ethereum
2025-04-20 11:04:45.989,1575.9864553399373,5574956554.157149,190570425585.95273,ethereum
2025-04-20 12:04:47.845,1571.5445538284162,6653689195.849365,189667227999.51526,ethereum
2025-04-20 13:04:46.718,1575.98478916522,6678733096.4259,190296221055.18564,ethereum
2025-04-20 14:04:31.150,1577.898354019055,6768194305.074819,190482861836.76025,ethereum
2025-04-20 15:04:39.680,1580.4054153488773,6765608278.659544,190777830381.90326,ethereum
2025-04-20 16:04:44.462,1573.6549472700067,6745951672.072413,189951424195.32443,ethereum
2025-04-20 17:04:41.234,1580.7198535263165,6531860702.430697,190751668295.55283,ethereum
2025-04-20 18:04:49.698,1579.1718317747782,6252966236.384494,190614875615.8679,ethereum
2025-04-20 19:04:43.737,1580.937686720852,6043156100.371519,190811379168.09488,ethereum
2025-04-20 20:00:01.785,1585.554943839502,6117594541.159607,191335413858.2689,ethereum
2025-04-20 21:04:42.696,1588.9568906243449,6319998014.287867,191789404589.98453,ethereum
2025-04-20 22:04:35.227,1588.2447122290696,6441726314.939299,191710023049.77866,ethereum
2025-04-20 23:04:50.391,1581.6040811239568,6601497809.141824,190888325200.3702,ethereum
2025-04-21 00:04:35.027,1586.3316796392694,6695483853.616966,191463074137.76187,ethereum
2025-04-21 01:04:55.223,1611.76308132267,7243297782.924807,194732178188.11496,ethereum
2025-04-21 02:04:54.509,1627.391707498208,7415588593.360007,196329229210.96768,ethereum
2025-04-21 03:00:51.612,1632.278276497339,8887040448.16175,197036428638.06296,ethereum
2025-04-21 04:04:43.298,1636.0618532303072,9359040967.608755,197468600422.94992,ethereum
2025-04-21 05:03:45.894,1638.9480059750917,9678842624.453901,197776804922.37784,ethereum
2025-04-21 06:00:38.882,1648.3336570589129,9258699807.675041,198866052852.39322,ethereum
2025-04-21 07:03:06.678,1648.7687191301063,10589672118.185001,199065871633.95996,ethereum
2025-04-21 08:04:44.226,1645.8463487764275,10392702760.227844,198725086364.1268,ethereum
2025-04-21 09:09:31.649,1649.2442046872607,10516125176.855997,199002410259.1696,ethereum
2025-04-21 10:04:36.934,1642.5030570667648,10650488075.812677,198265377631.42075,ethereum
2025-04-21 11:04:41.253,1634.7011142760396,10513999049.24478,197241321740.22232,ethereum
2025-04-21 12:04:30.670,1625.3132592458317,10464251943.402943,196179596688.3404,ethereum
2025-04-21 13:09:29.832,1623.8494635572945,10394821847.091629,196094018394.2686,ethereum
2025-04-21 14:01:18.859,1617.8765307461044,10916589704.952381,195791122459.31876,ethereum
2025-04-21 15:04:57.948,1631.2236381302885,11414787668.674715,196606753612.4438,ethereum
2025-04-21 16:01:53.771,1622.8007936356078,11885220041.235605,195883211299.9705,ethereum
2025-04-21 17:04:51.150,1595.41177149144,12715838341.01424,193231810813.27814,ethereum
2025-04-21 18:00:43.968,1581.3723791965006,13783533029.689215,190911394750.91583,ethereum
2025-04-21 19:09:39.179,1571.389080628032,14179020815.258606,189677161298.10583,ethereum
2025-04-21 20:09:30.551,1574.6287253876721,15201885714.144028,190247228554.49594,ethereum
2025-04-21 21:04:47.737,1575.1227647508135,15106995826.569025,190156925956.20288,ethereum
2025-04-21 22:09:36.438,1576.7809535087174,15253882234.3446,190465851972.76224,ethereum
2025-04-21 23:03:19.474,1577.0525446706358,14764897991.62959,190374931633.16333,ethereum
2025-04-22 00:06:00.806,1578.7839199994824,14359753340.079365,190565850488.98645,ethereum
2025-04-22 01:04:58.470,1564.9009715618863,15437823887.80702,188648532470.57437,ethereum
2025-04-22 02:01:42.189,1586.7994104313782,15457097752.116995,191485600785.13892,ethereum
2025-04-22 03:04:41.283,1576.017082494034,14730121165.125708,190159086401.41135,ethereum
2025-04-22 04:09:20.374,1580.820511560719,14940489920.18476,190646464890.8265,ethereum
2025-04-22 05:04:50.403,1579.563720144082,14877495490.34376,190900658318.304,ethereum
2025-04-22 06:04:44.237,1583.5040742391159,13867551619.311985,191025581247.51715,ethereum
2025-04-22 07:04:51.755,1581.1161405279731,14200066693.274845,190655226446.91782,ethereum
2025-04-22 08:04:37.034,1618.4993154702781,12566279678.117678,195107352854.2148,ethereum
2025-04-22 09:09:22.455,1627.6838430857222,15872332342.629099,196426488494.08307,ethereum
2025-04-22 10:04:48.237,1625.7258506458695,15995525624.493465,196429611215.92575,ethereum
2025-04-22 11:04:56.019,1628.2278623433206,16014198264.718504,196510776148.2841,ethereum
2025-04-22 12:06:22.175,1630.6594342207375,15840099450.455147,196756739442.7996,ethereum
2025-04-22 13:04:34.045,1636.1466244742908,15819091565.294436,197493071419.29297,ethereum
2025-04-22 14:04:39.116,1641.1264565362978,17281865747.935993,198129043106.17566,ethereum
2025-04-22 15:04:49.469,1671.3798384259348,12648829062.959318,201344819058.24066,ethereum
2025-04-22 16:09:37.757,1702.6974692723961,21475216483.811718,205451191386.9459,ethereum
2025-04-22 17:04:59.604,1693.1728188920201,21295559028.021816,204279320062.484,ethereum
2025-04-22 18:09:07.028,1701.6555956326952,21075901706.456184,205277017550.71365,ethereum
2025-04-22 19:04:50.464,1704.4508547210398,20390614267.275223,205732725921.0544,ethereum
2025-04-22 20:00:14.982,1692.6791080633338,20498679537.014416,204159829200.92783,ethereum
2025-04-22 21:09:46.527,1697.0622006132885,20438711535.01324,204886722625.39252,ethereum
2025-04-22 22:04:52.953,1751.834251497923,21713510499.057373,210986787548.5257,ethereum
2025-04-22 23:09:35.863,1746.793208792367,22829694074.433548,210770380452.6903,ethereum
2025-04-23 00:04:39.498,1757.9260709743578,23642931908.940193,212333471768.59277,ethereum
2025-04-23 01:05:22.564,1751.3268258996502,23803322095.998787,211386095519.8984,ethereum
2025-04-23 02:06:47.971,1766.625183822374,23771595382.98489,213461898302.4555,ethereum
2025-04-23 03:09:19.368,1793.0916795800156,24653620723.436893,216540697585.5947,ethereum
2025-04-23 04:09:16.096,1794.5422383041544,25561893364.253387,216682248796.7177,ethereum
2025-04-23 05:04:46.748,1803.4146967193415,26246647468.501686,216884675190.03064,ethereum
2025-04-23 06:09:40.294,1796.1235547627446,27234817612.353294,216850053887.5943,ethereum
2025-04-23 07:04:33.400,1791.0899533893637,27807323441.86679,216211969818.8041,ethereum
2025-04-23 08:07:05.914,1788.8926406298333,27507568232.695724,215994475379.73682,ethereum
2025-04-23 09:04:03.537,1791.6347706698607,27033475445.73281,216279471486.62115,ethereum
2025-04-23 10:06:25.822,1787.7037888433624,27464749453.32739,215920076888.71024,ethereum
2025-04-23 11:07:43.708,1801.893335779742,27375718600.893414,217554025058.5054,ethereum
2025-04-23 12:04:32.039,1796.2745245898666,26261116820.064533,216747106787.0974,ethereum
2025-04-23 13:04:15.794,1814.0735743967386,28456755258.02054,218902593204.47168,ethereum
2025-04-23 14:04:36.352,1793.5665863821234,29027003314.140217,216783614197.25287,ethereum
2025-04-23 15:00:27.812,1791.0397358962578,27644890304.76832,216389090699.76797,ethereum
2025-04-23 16:04:24.654,1790.0159373850563,26459476983.991642,215373388391.8303,ethereum
2025-04-23 17:04:55.920,1793.2407362997867,26297295713.472855,216438783272.36646,ethereum
2025-04-23 18:04:54.960,1799.1909242911452,26175013336.30666,216903243952.85037,ethereum
2025-04-23 19:08:30.849,1796.8326157576892,25889659144.099564,216955793969.27805,ethereum
2025-04-23 20:04:39.707,1785.6777631147806,26050450043.57362,215387152817.72733,ethereum
2025-04-23 21:06:05.881,1796.7470008302391,25565062437.080097,216894906414.47275,ethereum
2025-04-23 22:06:25.763,1792.0734486358856,23914825722.677475,216338686201.57437,ethereum
2025-04-23 23:04:59.772,1803.5818670189085,22862071960.200703,217701206002.06342,ethereum
2025-04-24 00:05:09.719,1796.006939720349,22318459702.709385,216711708912.85916,ethereum
2025-04-24 01:04:59.296,1790.582197892096,22015615452.41952,216107235551.50232,ethereum
2025-04-24 02:04:52.416,1795.5540157542773,21150172475.621803,216763556636.00247,ethereum
2025-04-24 03:09:44.468,1780.4706437283962,19916717666.544395,214930587720.04776,ethereum
2025-04-24 04:05:33.427,1772.3905456005598,19857154038.516747,214011209623.30017,ethereum
2025-04-24 05:19:47.766,1775.1242594080688,17560768234.936497,214206546115.41946,ethereum
2025-04-24 06:24:31.500,1768.6125611405428,18453176726.757298,213520619200.45172,ethereum
2025-04-24 07:20:27.923,1772.3725751061013,18116890263.17525,213938524914.8037,ethereum
2025-04-24 08:00:30.009,1755.7053710525659,17728993032.426537,211947335696.62228,ethereum
2025-04-24 09:04:47.471,1733.6852344086776,16856015753.294308,209224372843.1141,ethereum
2025-04-24 10:04:52.763,1742.860054622438,18440833567.93582,210151779958.33673,ethereum
2025-04-24 11:04:55.416,1750.4901994994163,18184345929.048603,211264881490.12753,ethereum
2025-04-24 12:04:50.498,1753.1237702265694,17401177384.02899,211495235941.14532,ethereum
2025-04-24 13:04:56.607,1756.7276888768858,17407661818.32336,212030861279.6254,ethereum
2025-04-24 14:04:57.292,1751.9341349391243,15786085644.493652,211375277860.54965,ethereum
2025-04-24 15:09:06.979,1765.975294769866,15191486324.62775,213198249240.1892,ethereum
2025-04-24 16:00:41.692,1767.893348721765,14573846550.33832,213482381563.78806,ethereum
2025-04-24 17:09:47.112,1772.4697956058114,14265783966.55131,213978793488.96246,ethereum
2025-04-24 18:04:53.875,1755.4083450916912,14490866604.6129,211867211276.2522,ethereum
2025-04-24 19:04:34.662,1764.1717195339616,13781964674.001404,212970181011.8948,ethereum
2025-04-24 20:09:03.017,1766.3588718137007,14092655134.902807,213225826720.97025,ethereum
2025-04-24 21:03:38.061,1764.7947490082363,14115303342.507433,213101672857.24942,ethereum
2025-04-24 22:01:56.042,1759.7319092543187,13912424479.590439,212424725997.31375,ethereum
2025-04-24 23:01:54.569,1760.1413020556472,14211823257.27856,212475171265.12558,ethereum
2025-04-25 00:05:21.504,1769.353842327614,12665659777.61115,213596066184.7109,ethereum
2025-04-25 01:09:29.003,1774.097660406245,14040088044.924473,214157790377.1319,ethereum
2025-04-25 02:04:56.947,1768.7744420138029,14543339185.885674,213582766005.29056,ethereum
2025-04-25 03:07:47.538,1745.7130992951465,14658578177.29124,210737023288.51077,ethereum
2025-04-25 04:04:40.293,1759.5943043937934,14189869605.507679,212395181943.90378,ethereum
2025-04-25 05:04:49.670,1766.4859109856206,14052330958.30514,213246296398.1671,ethereum
2025-04-25 06:06:56.724,1768.1714916015344,14099954560.393631,213324765436.7467,ethereum
2025-04-25 07:07:50.433,1778.134568398705,14139010837.376287,214655896288.9839,ethereum
2025-04-25 08:09:35.505,1776.1855299026695,13999998068.81926,214427022535.69308,ethereum
2025-04-25 09:04:54.614,1776.2266648226685,13209845892.47464,214434415908.18082,ethereum
2025-04-25 10:09:34.623,1785.37800271659,13345481554.331158,215555863594.47525,ethereum
2025-04-25 11:07:24.106,1773.8141846001888,13568553453.477243,214050874460.2497,ethereum
2025-04-25 12:00:24.641,1784.692198074594,13473448148.941433,215437822472.159,ethereum
2025-04-25 13:04:31.346,1777.9818642888256,14029450145.320072,214798097042.78876,ethereum
2025-04-25 14:07:06.125,1773.3038655980704,14089821741.953943,214009201947.06644,ethereum
2025-04-25 15:04:10.546,1806.2010762334905,15163123436.721117,217962935628.28717,ethereum
2025-04-25 16:01:24.931,1808.7173616065531,15563930035.308308,218463093100.12045,ethereum
2025-04-25 17:04:46.171,1801.7878182620213,16414508469.163603,217507865050.18298,ethereum
2025-04-25 18:01:13.806,1787.5631248809962,14761816829.08657,215846770041.84543,ethereum
2025-04-25 19:08:50.115,1799.1051715258825,16251503128.772985,217049758310.24515,ethereum
2025-04-25 20:04:03.163,1797.3618529363953,16341732474.529728,216875098504.9095,ethereum
2025-04-25 21:04:55.765,1799.6511379808896,16329515289.833895,217282754051.983,ethereum
2025-04-25 22:04:56.687,1792.848881570183,16582050888.508081,216359955583.33884,ethereum
2025-04-25 23:04:44.398,1797.8045012380112,16411008896.255747,217041969692.15707,ethereum
2025-04-26 00:09:33.792,1790.5351144924468,16439869520.384321,216019539517.91592,ethereum
2025-04-26 01:04:49.848,1798.099733843576,15959404228.066523,217062601918.6653,ethereum
2025-04-26 02:04:53.248,1808.0014742145981,16396039667.085737,218252656758.87613,ethereum
2025-04-26 03:00:29.567,1811.2698689574063,15879352535.742844,218703452884.58856,ethereum
2025-04-26 04:04:41.452,1797.8695441623718,15850445325.85292,217000331600.64426,ethereum
2025-04-26 05:04:55.899,1793.215554063808,14946670469.514471,216483013734.63162,ethereum
2025-04-26 06:04:51.100,1795.8326001029013,15817910707.685951,216811812028.70053,ethereum
2025-04-26 07:00:18.718,1805.018737463248,15347233958.174175,217890403011.2213,ethereum
2025-04-26 08:00:55.455,1803.6925412410762,15595664844.633905,217765688125.50406,ethereum
2025-04-26 09:09:34.969,1805.9304141768876,16295953872.059166,218226878358.40494,ethereum
2025-04-26 10:09:41.711,1804.0163117009204,16291274493.424622,217561838131.19986,ethereum
2025-04-26 11:07:38.021,1805.8086418234195,15820254938.619204,217963574475.7235,ethereum
2025-04-26 12:08:12.713,1788.432261371247,15810231654.804523,215838719701.16507,ethereum
2025-04-26 13:09:39.373,1794.5000517080884,15201576111.46606,216633268874.17386,ethereum
2025-04-26 14:09:46.961,1788.364469587394,14569602055.39264,215951068022.95282,ethereum
2025-04-26 15:09:59.881,1794.4272239985369,12976017046.170084,216645121917.4482,ethereum
2025-04-26 16:04:47.118,1801.5136943697014,11732213510.735413,217493021073.69534,ethereum
2025-04-26 17:04:52.609,1802.1317192982588,11481713229.460808,217506949922.27518,ethereum
2025-04-26 18:02:10.757,1805.0747288998687,10956651904.094183,217917574609.86246,ethereum
2025-04-26 19:04:53.998,1805.7243532621505,10694990936.035578,218110452189.7756,ethereum
2025-04-26 20:09:48.622,1812.7798198779356,10580599565.175339,218839225138.99173,ethereum
2025-04-26 21:08:56.244,1809.537213726699,10447299896.005878,218363373972.14557,ethereum
2025-04-26 22:04:49.415,1813.3620789012568,10129824148.23383,218822825973.8835,ethereum
2025-04-26 23:06:10.177,1817.3360676227048,10207083201.406979,219408250242.12488,ethereum
2025-04-27 00:09:38.431,1821.8866227731005,10249795580.325993,219938668720.12994,ethereum
2025-04-27 01:04:30.273,1843.6786141975185,10628737339.888447,222603261272.6973,ethereum
2025-04-27 02:04:56.571,1809.964704350854,11278491415.039534,218873401827.42725,ethereum
2025-04-27 03:04:55.843,1813.3902817412384,10351936409.831568,218823415488.48315,ethereum
2025-04-27 04:06:10.831,1809.506182403057,11050347374.0326,218431583177.11472,ethereum
2025-04-27 05:05:12.354,1799.5009383870654,11428001045.187984,217270063876.2503,ethereum
2025-04-27 06:05:14.445,1797.8640034016555,11455094287.543812,216964282575.06235,ethereum
2025-04-27 07:01:50.924,1801.0156125464807,11708146912.192783,217355652780.62064,ethereum
2025-04-27 08:04:59.620,1804.079670133237,11446018202.954157,217787691156.1404,ethereum
2025-04-27 09:04:56.964,1810.896176637284,9547444579.94137,218673599565.71268,ethereum
2025-04-27 10:04:41.804,1810.8535492453311,9518027991.027662,218586154969.62463,ethereum
2025-04-27 11:05:35.223,1809.2695480602429,9673009508.22763,218429515264.88065,ethereum
2025-04-27 12:06:11.537,1808.1424015587456,9386065446.180714,218308123572.19308,ethereum
2025-04-27 13:11:40.044,1797.8704081722326,9449313224.897036,217188452748.53696,ethereum
2025-04-27 14:09:57.027,1797.6295933680549,9540003243.52806,216980379164.36862,ethereum
2025-04-27 15:03:10.192,1798.505837901598,9637693231.706413,217178626913.4728,ethereum
2025-04-27 16:05:22.514,1794.1563011036585,9534904703.856155,216607905962.632,ethereum
2025-04-27 17:04:48.880,1795.1890446243444,9656637557.534737,216709841054.68893,ethereum
2025-04-27 18:04:51.796,1799.1938045142963,9294029539.08037,217203816656.6573,ethereum
2025-04-27 19:09:39.799,1804.5010367328707,9593501979.966095,217861314563.18076,ethereum
2025-04-27 20:07:29.923,1806.0446567870927,9726327037.647608,218088674289.21423,ethereum
2025-04-27 21:04:46.761,1803.5203286993942,9689151572.338652,217744304609.7179,ethereum
2025-04-27 22:06:32.805,1804.804348699731,9501716304.744316,217982230118.76102,ethereum
2025-04-27 23:06:05.628,1793.928792395812,9660340451.48595,216577351370.7958,ethereum
2025-04-28 00:04:58.599,1793.529267244852,9724985597.618402,216570663850.95547,ethereum
2025-04-28 01:02:24.248,1775.1495507087993,9086443401.713276,214414733638.71915,ethereum
2025-04-28 02:04:55.815,1764.4287280374208,9211645215.207722,213017930213.96625,ethereum
2025-04-28 03:06:29.115,1772.5567433659917,9720714550.490168,213992870991.7627,ethereum
2025-04-28 04:04:47.835,1784.594029736688,9733808559.87559,215408414795.5033,ethereum
2025-04-28 05:00:12.173,1788.4757024023188,9668326322.132174,215971244069.8993,ethereum
2025-04-28 06:10:29.559,1796.876533904528,9039308800.596106,216847240301.8065,ethereum
2025-04-28 07:09:37.321,1804.7326810020327,9942114259.430353,217837836370.3972,ethereum
2025-04-28 08:04:34.577,1806.2840808273663,10119237651.308498,218063757708.8135,ethereum
2025-04-28 09:08:03.602,1810.1591103800788,10108209479.170298,218535519810.08548,ethereum
2025-04-28 10:09:31.558,1808.0007849551937,10482841151.203167,218273187558.076,ethereum
2025-04-28 11:07:46.958,1814.9079846303873,11314703541.348585,219124441137.73642,ethereum
2025-04-28 12:04:58.782,1816.985618148521,10871107087.924093,219377244224.8781,ethereum
2025-04-28 13:04:33.016,1809.6802730736097,12166192398.12904,218469812766.4382,ethereum
2025-04-28 14:04:33.659,1787.3705365190574,12508235040.603832,215792126194.71875,ethereum
2025-04-28 15:07:44.801,1785.0817324298223,12636338242.792349,215483721938.37192,ethereum
2025-04-28 16:05:23.052,1760.3677232234143,12584417008.382368,212319641047.97507,ethereum
2025-04-28 17:09:41.941,1760.4974223211618,14336276677.857727,212435788589.4222,ethereum
2025-04-28 18:04:53.121,1771.449195703978,13055947343.4535,213785229003.54816,ethereum
2025-04-28 19:09:23.412,1791.0210949258483,15511140537.5259,215431520591.2238,ethereum
2025-04-28 20:05:39.810,1797.7570564718512,15998269734.16722,217046292444.26532,ethereum
2025-04-28 21:07:07.827,1787.5143567822229,15368239061.470873,215764313825.03552,ethereum
2025-04-28 22:08:14.819,1794.016686223183,16290376710.48592,216449634951.19052,ethereum
2025-04-28 23:09:41.671,1801.2853132958962,15119268178.688843,217406001786.90866,ethereum
2025-04-29 00:06:08.967,1800.1010871231133,16756528052.585758,217303751086.03702,ethereum
2025-04-29 01:09:19.377,1803.2886109553858,15869235580.540648,217617427705.98685,ethereum
2025-04-29 02:07:18.990,1797.731778834689,15529418928.866045,217089428616.6428,ethereum
2025-04-29 03:04:51.081,1795.3281607970016,15596275845.606829,216613076353.35602,ethereum
2025-04-29 04:04:55.324,1802.395959897514,15537530902.059835,217667685325.81012,ethereum
2025-04-29 05:04:54.302,1793.0787607628647,14482041545.910124,216476400119.18835,ethereum
2025-04-29 06:05:24.055,1795.2374190035546,14956063993.321575,216725121647.05716,ethereum
2025-04-29 07:04:53.145,1817.5560885288053,14772883789.615934,219424991353.89932,ethereum
2025-04-29 08:02:54.340,1822.1823006687885,14814996548.083117,219876820746.18033,ethereum
2025-04-29 09:07:49.857,1831.4037923259987,14356052489.108501,221115843300.16595,ethereum
2025-04-29 10:02:35.732,1832.2267441171073,15876562058.17505,221208170110.5938,ethereum
2025-04-29 11:04:21.872,1826.910372573298,16056367053.119232,220603309361.30872,ethereum
2025-04-29 12:06:25.577,1829.962105603149,15828231581.231216,220914195198.92822,ethereum
2025-04-29 13:09:37.165,1822.4180692462546,15768624025.752636,220013269068.23193,ethereum
2025-04-29 14:04:54.495,1816.9862760048443,15815840800.795967,219360913365.5254,ethereum
2025-04-29 15:09:31.006,1822.1263344246345,15750234323.648832,220056531525.21268,ethereum
2025-04-29 16:09:27.598,1816.8787644079623,15091242954.558283,219323116134.9286,ethereum
2025-04-29 17:04:50.164,1822.0308150999704,14899867056.77183,219993985321.69122,ethereum
2025-04-29 18:04:44.632,1825.6589262079297,14912016931.88263,220394160753.82077,ethereum
2025-04-29 19:02:17.786,1826.6254387385009,14719118189.391771,220548492590.8067,ethereum
2025-04-29 20:06:04.832,1823.8683235473254,13809510280.518564,220164055670.73013,ethereum
2025-04-29 21:04:44.754,1810.3921619208318,13675166287.56743,218596354807.88092,ethereum
2025-04-29 22:07:05.130,1796.6627413225042,13680942685.18783,216995992440.45694,ethereum
2025-04-29 23:06:45.570,1794.8633925739844,13646453497.737017,216785417648.6705,ethereum
2025-04-30 00:04:54.621,1798.9291194006541,12878759220.198395,217028602076.0241,ethereum
2025-04-30 01:04:45.326,1805.5365888220053,14221544762.348654,217933972879.2463,ethereum
2025-04-30 02:08:42.037,1796.3726835602608,13949483698.092335,216908728120.53818,ethereum
2025-04-30 03:09:21.460,1802.2440829085376,13694566523.535751,217593221500.19504,ethereum
2025-04-30 04:00:15.224,1807.2702940443244,13744547752.512848,217968385812.11368,ethereum
2025-04-30 05:04:33.739,1811.9385480332558,13785544143.332346,218672302644.18323,ethereum
2025-04-30 06:04:55.963,1805.0323466486839,13747107637.740822,217922375675.9284,ethereum
2025-04-30 07:19:33.196,1805.4021634816418,12901037700.034664,217870768849.35178,ethereum
2025-04-30 08:04:41.794,1796.522813610854,12266681895.532576,216891274693.08273,ethereum
2025-04-30 09:09:15.340,1796.9272082758723,12301045567.89945,216928757990.2895,ethereum
2025-04-30 10:07:39.183,1805.610240126589,12052429921.698328,218009893642.2178,ethereum
2025-04-30 11:09:41.728,1809.0381443800675,11689805684.008406,218402001276.7926,ethereum
2025-04-30 12:06:25.803,1815.2607328824356,11071810734.285545,219158027804.14142,ethereum
2025-04-30 13:10:57.665,1771.9822791071722,12133814008.300268,214070216792.02908,ethereum
2025-04-30 14:09:37.269,1750.4263968172445,12443413438.292006,211407156680.37698,ethereum
2025-04-30 15:07:10.208,1761.3657143515813,13495681495.884748,212659408843.09756,ethereum
2025-04-30 16:07:50.638,1764.0927740984246,13701191341.536097,212976024955.19937,ethereum
2025-04-30 17:16:15.371,1765.1146908916267,13617693077.520617,213107235616.686,ethereum
2025-04-30 18:09:50.889,1777.6969247600935,12874537421.290867,214419174481.81158,ethereum
2025-04-30 19:06:51.182,1783.6855874191126,13958694199.469355,215244613460.8665,ethereum
2025-04-30 20:09:53.702,1791.020891654487,14125538661.018927,216005868101.41403,ethereum
2025-04-30 21:11:38.409,1796.157958790658,14069507025.425299,216840677727.15067,ethereum
2025-04-30 22:22:19.217,1796.7255903824184,14067105395.029228,216919497216.12335,ethereum
2025-04-30 23:18:09.150,1797.71519832472,13893627935.162533,217007718983.57422,ethereum
2025-05-01 00:14:25.940,1796.9319896931136,13423297409.799007,216733370056.83844,ethereum
2025-05-01 01:14:17.675,1801.4807555885054,13297218583.57345,217383765298.3242,ethereum
2025-05-01 02:16:20.779,1813.044299604725,13600860666.517382,218934591675.10214,ethereum
2025-05-01 03:16:59.072,1810.5539781202892,13767173216.529146,218593271456.08807,ethereum
2025-05-01 04:12:53.346,1807.6865458614711,13489430412.555197,218242650456.07642,ethereum
2025-05-01 05:09:51.175,1808.1491978487702,13650449921.94053,218322801693.5187,ethereum
2025-05-01 06:11:21.519,1812.8667364165196,13627597130.138777,218902462890.17456,ethereum
2025-05-01 07:13:20.495,1806.3320536161032,13880149514.695688,218083617574.73795,ethereum
2025-05-01 08:09:48.219,1811.1652412582594,13639805419.099,218745295448.5925,ethereum
2025-05-01 09:09:24.521,1816.6520967170577,13729340692.431726,219362591945.5144,ethereum
2025-05-01 10:05:21.553,1820.356087608828,14020135396.43632,219892127878.45398,ethereum
2025-05-01 11:00:39.019,1839.6444899931603,14700416452.601574,221961139914.07285,ethereum
2025-05-01 12:14:56.053,1847.6683362874612,15770520933.617996,222825901023.63425,ethereum
2025-05-01 13:13:34.409,1848.7934621058528,14886923683.875229,223188753586.21283,ethereum
2025-05-01 14:09:52.037,1833.6148539986418,14284964809.750944,221080685746.05817,ethereum
2025-05-01 15:06:21.357,1847.354945167742,13809180143.586164,222986879178.35056,ethereum
2025-05-01 16:02:40.892,1853.4251773234257,13780076748.22815,223885863680.29968,ethereum
2025-05-01 17:10:59.410,1862.48203361244,14989987248.779764,224869618755.9141,ethereum
2025-05-01 18:01:46.827,1855.3861927163518,13159707516.725698,223943048063.2782,ethereum
2025-05-01 19:03:49.139,1855.908306425646,14610630666.1552,224054503105.3876,ethereum
2025-05-01 20:06:49.668,1844.9086489752328,14780258482.01807,222820815148.32193,ethereum
2025-05-01 21:04:57.538,1841.0705360815357,14428114594.370773,222285169237.6388,ethereum
2025-05-01 22:08:10.928,1844.3416678282276,14397988498.99026,222709376324.15994,ethereum
2025-05-01 23:09:48.513,1838.7804770669857,14293151333.56451,222046622593.04297,ethereum
2025-05-02 00:09:58.046,1839.9549314623546,14268247519.658222,222060702308.14752,ethereum
2025-05-02 01:09:40.357,1848.2311571859047,13778462128.447308,223132898209.46713,ethereum
2025-05-02 02:04:14.159,1843.570572771163,14286007015.683506,222570793454.37048,ethereum
2025-05-02 03:03:30.618,1849.177156166472,13464683649.350676,223250312081.61322,ethereum
2025-05-02 04:09:41.816,1848.3954674871645,13761893663.687487,223161853154.7764,ethereum
2025-05-02 05:04:50.848,1841.761199430556,13908887274.792727,222359986045.20856,ethereum
2025-05-02 06:05:13.795,1832.845296363659,13972618660.782013,221398746912.28503,ethereum
2025-05-02 07:09:03.978,1830.9629070019196,13646062775.093407,221150086952.56186,ethereum
2025-05-02 08:09:20.605,1816.70334977005,14267412220.262245,219411228469.3708,ethereum
2025-05-02 09:04:52.650,1823.7092363789736,14627599520.540718,220200793406.61905,ethereum
2025-05-02 10:04:36.160,1824.179879314154,14567506209.959558,220262337316.6636,ethereum
2025-05-02 11:04:56.774,1831.5264427144969,13469586656.926168,221132326799.42847,ethereum
2025-05-02 12:09:47.099,1834.5531730127332,13196640024.214539,221355187295.23825,ethereum
2025-05-02 13:11:11.570,1838.2691252228587,12838695052.961254,222071846337.54327,ethereum
2025-05-02 14:09:37.793,1836.5486751769809,12673999926.629557,221590086468.40427,ethereum
2025-05-02 15:14:44.162,1848.8125967961562,12457747214.429287,223289615121.41327,ethereum
2025-05-02 16:20:46.094,1863.1971382759236,10574715448.543985,224915071935.96246,ethereum
2025-05-02 17:14:55.849,1848.432162488096,12135921797.63172,223197034105.80173,ethereum
2025-05-02 18:03:16.207,1851.758539044154,11686977186.1452,223538450735.9212,ethereum
2025-05-02 19:08:01.751,1848.888841707347,10565841105.390852,223293033434.2841,ethereum
2025-05-02 20:09:58.191,1839.8824845084912,11668208384.637989,222076793119.3351,ethereum
2025-05-02 21:09:58.496,1846.9724985254113,11314269473.624582,223027791966.4289,ethereum
2025-05-02 22:10:49.403,1837.6222368554327,10583328851.877932,221858834108.19528,ethereum
2025-05-02 23:04:57.526,1835.655871058904,11812101613.270056,221633966351.91245,ethereum
2025-05-03 00:09:39.675,1842.452917581662,11648040972.66205,222405273411.50925,ethereum
2025-05-03 01:04:59.973,1839.139847412262,11452004265.365236,221998460816.57068,ethereum
2025-05-03 02:04:54.539,1829.3817648926095,11134910534.061518,220861809107.79898,ethereum
2025-05-03 03:02:47.279,1834.4211375351179,11305223520.149529,221472976297.7335,ethereum
2025-05-03 04:04:56.850,1835.7360332540168,11243539183.356285,221665083958.0406,ethereum
2025-05-03 05:09:46.857,1838.3679937031131,11046358143.57852,221951115670.95953,ethereum
2025-05-03 06:00:20.115,1834.8824679678676,10858196328.10375,221588366755.32547,ethereum
2025-05-03 07:09:41.859,1828.1494013466076,10535686920.6462,220737171513.0428,ethereum
2025-05-03 08:14:51.749,1825.5296637182705,10056311816.355719,220455430032.32086,ethereum
2025-05-03 09:10:45.596,1825.361416226509,9909150343.105265,220407736068.27026,ethereum
2025-05-03 10:02:17.714,1825.2648155998568,9868988033.313885,220338227261.30466,ethereum
2025-05-03 11:09:42.117,1822.4649974152262,9717689884.449911,219998235466.70615,ethereum
2025-05-03 12:12:06.541,1825.136307977099,9392358217.420074,220354532048.9889,ethereum
2025-05-03 13:11:31.056,1831.7879035146384,8984505869.511078,221104086241.3687,ethereum
2025-05-03 14:09:44.057,1836.0261669800943,8590317880.034224,221580053526.0569,ethereum
2025-05-03 15:04:59.947,1835.2867125077307,8037277457.21299,221552782597.96613,ethereum
2025-05-03 16:01:46.428,1835.3666188014643,7577159597.0563135,221587005692.7273,ethereum
2025-05-03 17:02:09.204,1827.16534681186,6802469159.376312,220582377585.72067,ethereum
2025-05-03 18:02:05.516,1824.553375529811,5779256693.662308,220274037361.33447,ethereum
2025-05-03 19:04:59.960,1825.8280528688083,6684256588.298992,220440678072.88434,ethereum
2025-05-03 20:04:59.785,1838.5725783970358,6525005522.621314,221980461133.05667,ethereum
2025-05-03 21:04:40.842,1838.7566960755014,6305611330.151888,221986023767.566,ethereum
2025-05-03 22:09:52.480,1841.0668410284545,6538381426.534747,222456435567.31027,ethereum
2025-05-03 23:07:08.042,1841.828927342048,6358527506.375896,222512054058.84552,ethereum
2025-05-04 00:09:48.552,1834.483783405862,6695271351.58823,221394354983.4308,ethereum
2025-05-04 01:04:57.952,1836.6982118465382,6851687848.514605,221688612383.79025,ethereum
2025-05-04 02:01:12.633,1835.9439050665808,6810651214.837043,221449210951.7976,ethereum
2025-05-04 03:04:59.288,1834.3487873398306,6983679656.383971,221406884198.46378,ethereum
2025-05-04 04:06:22.531,1832.9472945164512,7064587834.138933,221293834836.8213,ethereum
2025-05-04 05:04:52.889,1831.4995116795697,6912508637.169608,221132747301.09225,ethereum
2025-05-04 06:04:53.664,1846.6184612269244,7380784042.489681,222947149923.87265,ethereum
2025-05-04 07:05:53.484,1845.1969942281555,6956895948.245061,222759860566.85245,ethereum
2025-05-04 08:08:17.010,1840.3250664762884,7499948326.654176,222199345672.99298,ethereum
2025-05-04 09:09:18.436,1831.2313304900972,7563959510.967418,221089320064.18558,ethereum
2025-05-04 10:05:39.120,1827.1977713994113,7625832884.251329,220597913176.49304,ethereum
2025-05-04 11:04:53.530,1827.6940147596997,7092887376.039493,220658989512.7265,ethereum
2025-05-04 12:09:50.826,1828.9878046023669,7609757658.15537,220738390453.78152,ethereum
2025-05-04 13:05:37.815,1831.5610355937306,7416590799.259462,221192892499.13474,ethereum
2025-05-04 14:09:43.032,1825.6865088753768,7415752626.120279,220384429811.8171,ethereum
2025-05-04 15:09:59.230,1831.5747361451865,7554627262.998401,221183180995.6356,ethereum
2025-05-04 16:10:00.108,1831.6371403931184,7603194617.6061,221102975716.6062,ethereum
2025-05-04 17:14:54.119,1829.2075995930243,7534548881.966926,220744389690.7876,ethereum
2025-05-04 18:08:45.286,1829.407919865807,7279761549.494411,220789679345.39905,ethereum
2025-05-04 19:08:48.208,1826.7547375095132,7008997852.913939,220494922352.9163,ethereum
2025-05-04 20:06:32.248,1829.4862209128025,6961426303.143427,220840547009.58356,ethereum
2025-05-04 21:09:59.535,1836.2126320382713,7036687155.795746,221680193008.27914,ethereum
2025-05-04 22:09:31.244,1832.504151716747,6747966356.845355,221519630008.76996,ethereum
2025-05-04 23:09:11.934,1817.2554684540448,6856492427.398268,219403955926.41064,ethereum
2025-05-05 00:09:55.083,1808.6303042363204,7500645825.651909,218299904459.6122,ethereum
2025-05-05 01:07:34.564,1816.0553464588584,7409260581.284952,219335729474.33435,ethereum
2025-05-05 02:07:56.134,1790.011200429572,7849363904.427549,216089513452.20923,ethereum
2025-05-05 03:03:04.707,1799.8749050408576,8207773421.386619,217309533875.46423,ethereum
2025-05-05 04:12:30.922,1795.6512213233864,8300134656.757838,216855062150.41797,ethereum
2025-05-05 05:08:15.201,1804.339298324746,8420445093.3733635,217845835971.83844,ethereum
2025-05-05 06:07:22.736,1816.8672900751285,7155106437.097193,218529736572.08847,ethereum
2025-05-05 07:09:53.246,1819.3826654675524,8498641668.537401,219690923973.65424,ethereum
2025-05-05 08:09:52.490,1826.346843325409,8263636463.638962,220512444887.0442,ethereum
2025-05-05 09:04:39.431,1828.2165443565045,8584950243.834549,220708361003.2125,ethereum
2025-05-05 10:04:59.235,1824.800271028791,8444630195.079894,220363085578.28918,ethereum
2025-05-05 11:04:55.975,1804.2307801972024,8332643087.538215,217826685346.99152,ethereum
2025-05-05 12:06:21.612,1802.1086243820575,9063371604.602098,217804137320.44147,ethereum
2025-05-05 13:11:02.882,1805.817923152503,9239608113.950546,217849582912.4231,ethereum
2025-05-05 14:09:29.012,1809.6970477096033,9612030122.345224,218370538005.07935,ethereum
2025-05-05 15:09:44.420,1805.5834925892423,9896301328.234278,217994423774.0807,ethereum
2025-05-05 16:02:29.362,1800.0960323221389,9921733372.314396,217368231776.41605,ethereum
2025-05-05 17:09:53.302,1808.6700719495243,10177696356.179295,218365340669.2527,ethereum
2025-05-05 18:06:21.582,1813.687088217676,10297037493.111025,218998058698.5762,ethereum
2025-05-05 19:03:53.947,1822.708984839163,10460384759.944035,220082298040.37457,ethereum
2025-05-05 20:04:45.132,1816.0024081881568,10546781936.913408,219335883249.76645,ethereum
2025-05-05 21:04:59.119,1808.5073259727596,8502580961.294091,218243320031.30188,ethereum
2025-05-05 22:06:05.738,1816.7676997744193,10807738599.262974,219382140947.0034,ethereum
2025-05-05 23:04:55.092,1826.0432785155529,10540118287.729748,220465492739.29532,ethereum
2025-05-06 00:09:46.555,1818.5978495141944,10426646063.301483,219706605499.63806,ethereum
2025-05-06 01:07:48.826,1812.2353950610504,10274470947.336292,218938449696.72922,ethereum
2025-05-06 02:09:49.808,1805.0103694095485,9735174668.264912,218004635660.02985,ethereum
2025-05-06 03:06:31.559,1802.2882322982855,9043637682.659964,217626255797.3677,ethereum
2025-05-06 04:08:46.066,1805.4728412686966,9648743932.196268,218019106674.03653,ethereum
2025-05-06 05:04:56.203,1806.800837211235,9625729288.896193,218131767624.55957,ethereum
2025-05-06 06:05:45.853,1799.8746663558095,9347365364.83893,217285763523.57736,ethereum
2025-05-06 07:04:58.081,1805.0748302074105,9085017379.577904,217849948177.5152,ethereum
2025-05-06 08:03:11.845,1805.5895098871194,9013715260.098843,217942453664.37695,ethereum
2025-05-06 09:04:52.073,1800.2742240415582,8954769007.763685,217349166431.28934,ethereum
2025-05-06 10:04:48.539,1796.991807093909,9261935545.339607,216948424457.93994,ethereum
2025-05-06 11:07:44.855,1786.8375023624292,8572898347.177061,215729361473.8426,ethereum
2025-05-06 12:08:00.127,1769.1201921004642,9453964419.676203,213327933022.04214,ethereum
2025-05-06 13:09:10.065,1773.047053873063,9734787147.367874,214109938311.2319,ethereum
2025-05-06 14:09:49.491,1763.9738538249753,9923588242.416208,212884601194.3652,ethereum
2025-05-06 15:04:25.377,1769.141273015187,9883406147.456083,213677126415.2676,ethereum
2025-05-06 16:03:25.697,1770.5302919640346,10156393578.201206,213773557435.1655,ethereum
2025-05-06 17:04:57.496,1764.5915308500005,9784374442.691833,213163588445.80457,ethereum
2025-05-06 18:04:58.125,1767.4793318950644,10347501072.355608,213372137832.78674,ethereum
2025-05-06 19:07:05.546,1787.645225126255,10496227654.80923,215652006826.49536,ethereum
2025-05-06 20:04:57.674,1786.296146247892,10709985863.919296,215633448960.12057,ethereum
2025-05-06 21:04:54.736,1774.785261679547,10835299533.068165,214158325352.48224,ethereum
2025-05-06 22:09:44.997,1783.3434001598991,10991220708.540163,215270232575.49225,ethereum
2025-05-06 23:07:39.637,1808.3930612144245,11325062524.682693,218488574938.31845,ethereum
2025-05-07 00:09:28.344,1817.273863095156,12036254167.10365,219328668166.23984,ethereum
2025-05-07 01:09:09.299,1843.2155844481033,13187691853.820309,222211306619.94086,ethereum
2025-05-07 02:09:45.716,1834.1183142708899,12306951805.11178,221469666914.63086,ethereum
2025-05-07 03:09:50.104,1824.4506043136219,13651010337.001211,220271822558.30908,ethereum
2025-05-07 04:09:33.733,1827.3155410518211,13379278636.141016,220519453639.0201,ethereum
2025-05-07 05:20:17.005,1827.2444228312913,13842799564.153402,220637686604.87888,ethereum
2025-05-07 06:03:40.721,1827.3948758648455,13844615301.191631,220684573194.27142,ethereum
2025-05-07 07:04:52.576,1829.7641092296117,13840763103.465286,220874392728.94626,ethereum
2025-05-07 08:09:31.836,1837.586992768462,14193051479.595211,221832334810.51108,ethereum
2025-05-07 09:04:47.287,1840.6366539743171,14226418603.795986,222199227821.6584,ethereum
2025-05-07 10:02:41.742,1843.2984401867095,14130443780.10266,222605526249.2681,ethereum
2025-05-07 11:09:45.533,1833.6131626730125,14311094780.025455,221417420244.2062,ethereum
2025-05-07 12:01:53.235,1836.0433700437916,13693498556.54648,221721507749.45425,ethereum
2025-05-07 13:02:17.839,1829.9312949707464,13499051475.04067,220872719914.21704,ethereum
2025-05-07 14:04:23.721,1828.767237351894,13360185758.7552,220799832116.75107,ethereum
2025-05-07 15:09:56.260,1819.9972657563967,14574586216.937353,219832322961.0372,ethereum
2025-05-07 16:03:15.523,1817.5571909983269,14803249258.768433,219459875601.81677,ethereum
2025-05-07 17:09:43.487,1812.46131467285,21927754452.29356,218722937352.59555,ethereum
2025-05-07 18:04:59.440,1793.3443761184217,31035155464.4915,217554970132.83264,ethereum
2025-05-07 19:09:30.717,1799.8927866261622,37546942804.88516,217352434034.16147,ethereum
2025-05-07 20:05:59.174,1797.1120181298033,43316060012.57464,216982230506.43585,ethereum
2025-05-07 21:04:42.474,1795.5527090449941,43895408496.63577,216768868256.90024,ethereum
2025-05-07 22:04:49.228,1802.1277939647055,45640018285.765686,217569674469.79294,ethereum
2025-05-07 23:09:30.746,1817.9775714707328,48908455199.49389,219471677550.76602,ethereum
2025-05-08 00:04:55.278,1811.709547761422,47107548082.49978,218563873268.25906,ethereum
2025-05-08 01:09:30.936,1826.9726746400622,47939106196.91775,220203250775.9539,ethereum
2025-05-08 02:09:28.324,1824.683856937454,47614982630.89503,220298185109.491,ethereum
2025-05-08 03:29:00.530,1845.0227699916106,48865512800.60185,222741825960.15848,ethereum
2025-05-08 04:04:52.076,1887.208839388797,50877011135.86452,227613781577.9467,ethereum
2025-05-08 05:04:45.701,1898.1255521129206,50365431633.05373,229189701360.64435,ethereum
2025-05-08 06:04:25.550,1895.7813214611842,52415525603.1557,228887551100.5067,ethereum
2025-05-08 07:04:33.046,1908.28755071883,53531105612.39198,230385324011.7157,ethereum
2025-05-08 08:04:42.272,1928.2761208349293,17264723397.545357,232168122914.99246,ethereum
2025-05-08 09:00:53.980,1937.6064840947076,55930074836.846054,233939341128.59644,ethereum
2025-05-08 10:04:47.427,1939.7193855036496,56202398394.24204,234090043840.8623,ethereum
2025-05-08 11:04:39.307,1971.4105140414706,57771865420.49837,236410421990.67798,ethereum
2025-05-08 12:04:49.368,1957.8638162147245,57713888004.508484,236333205877.6672,ethereum
2025-05-08 13:02:55.876,1963.983509074171,58863323378.44081,237162726524.45093,ethereum
2025-05-08 14:04:31.580,1977.6422349053505,59879276008.23625,238756949263.32227,ethereum
2025-05-08 15:04:58.408,2001.893047341553,60207775484.28498,240174074708.7948,ethereum
2025-05-08 16:02:12.960,2071.7184427420852,62875934174.51896,248621839581.18637,ethereum
2025-05-08 17:04:43.336,2048.977992987509,27745517154.182285,247998403137.89478,ethereum
2025-05-08 18:04:25.872,2046.0475904792831,57256599670.45067,247023049848.66235,ethereum
2025-05-08 19:09:15.931,2067.4512780978635,40945133004.39088,249635607571.1244,ethereum
2025-05-08 20:04:25.517,2108.6036084102957,35501646924.60831,253999146047.4663,ethereum
2025-05-08 21:04:20.206,2181.7164084234,29440515302.99293,264408283658.95938,ethereum
2025-05-08 22:00:53.031,2177.9775204263574,39615870618.889694,262877732197.7137,ethereum
2025-05-08 23:04:32.187,2180.1702953317786,35531856218.47277,263333148585.67078,ethereum
2025-05-09 00:04:37.574,2202.0859687473653,37765596958.84958,265694295296.56653,ethereum
2025-05-09 01:05:55.278,2198.2538767693986,38307277810.38247,265391211122.0122,ethereum
2025-05-09 02:09:17.105,2200.0336071936267,39266152178.975914,265744888925.79178,ethereum
2025-05-09 03:04:16.598,2209.5669465635674,39432250533.43239,266372835750.66632,ethereum
2025-05-09 04:04:17.706,2211.0852001004746,39165829015.58801,267426937928.07108,ethereum
2025-05-09 05:04:42.306,2213.7135782373225,37963388363.97457,267373046283.06375,ethereum
2025-05-09 06:04:10.609,2212.539744519373,37163516100.51126,266925533351.8195,ethereum
2025-05-09 07:37:37.696,2302.282276504084,39563901227.06763,277605603160.0887,ethereum
2025-05-09 08:09:44.135,2372.363883405959,37508221729.22109,286379516181.2963,ethereum
2025-05-09 09:04:26.879,2411.733512124925,45710072458.95013,291201739139.2085,ethereum
2025-05-09 10:01:06.867,2335.4601202978106,53108486737.56936,281427780600.9737,ethereum
2025-05-09 12:04:48.415,2348.162528554833,53684674757.327385,283501765346.3573,ethereum
2025-05-09 13:04:46.977,2339.630404639716,54755901689.55975,282408444614.5023,ethereum
2025-05-09 14:02:21.214,2371.7914637466183,53785843615.056854,286503432162.05865,ethereum
2025-05-09 15:02:15.051,2303.387555755197,50253967911.74426,278090859790.54755,ethereum
2025-05-09 16:04:31.923,2299.9439692635533,53662900336.541824,277666825856.8995,ethereum
2025-05-09 17:04:51.149,2301.2112705475206,51877451018.03245,277903713944.55066,ethereum
2025-05-09 18:04:50.140,2348.605332369923,49967714440.778824,283364841246.7845,ethereum
2025-05-09 19:04:57.084,2341.0211562419368,53136413267.8592,282723697743.76556,ethereum
2025-05-09 20:00:39.110,2324.388595042604,51003662612.645615,280490993268.1232,ethereum
2025-05-09 21:04:51.602,2336.4311769859105,49935031224.315056,281859458217.97656,ethereum
2025-05-09 22:04:48.911,2337.606262343184,46615288741.77454,282140964859.6556,ethereum
2025-05-09 23:02:43.548,2335.426186252951,44900764207.5852,282154143506.6792,ethereum
2025-05-10 00:01:09.605,2343.0800462070592,44646388197.7484,282860379533.73694,ethereum
2025-05-10 01:04:50.078,2330.3388694315536,44220200233.34633,281384996068.52795,ethereum
2025-05-10 02:06:54.255,2337.22717320066,41746266041.38499,282371974726.273,ethereum
2025-05-10 03:00:14.907,2342.6091478174403,42757290169.167015,282859584258.5737,ethereum
2025-05-10 04:08:39.100,2336.960705576722,41315135132.329285,282307738595.01416,ethereum
2025-05-10 05:09:15.920,2339.0282080940196,41020282018.74823,282054267118.7979,ethereum
2025-05-10 06:01:28.232,2349.7004326060787,41035479602.219215,283352511379.06024,ethereum
2025-05-10 07:02:59.076,2359.8562184579905,41005857954.29146,284570966704.2893,ethereum
2025-05-10 08:04:18.436,2371.659219752954,30641631574.04593,285769558005.5657,ethereum
2025-05-10 09:05:17.061,2381.8967648208286,25360261679.578995,287643064965.1645,ethereum
2025-05-10 10:04:32.674,2407.516899561169,27575949048.195,291033718104.8118,ethereum
2025-05-10 11:04:31.734,2407.8570472919732,29190449442.114944,291045720961.4563,ethereum
2025-05-10 12:04:34.232,2386.8760206879037,27712798356.509377,288247928409.2448,ethereum
2025-05-10 13:03:43.046,2408.6991790120774,25263355050.89946,290859723154.73645,ethereum
2025-05-10 14:01:11.805,2434.0401167705927,27025830085.499752,293694845210.9155,ethereum
2025-05-10 15:04:26.101,2435.9696637154125,23199952715.971653,294205673015.88385,ethereum
2025-05-10 16:01:46.707,2438.3136519601753,24367227161.98454,294604204073.7338,ethereum
2025-05-10 17:03:16.122,2462.411995420295,23619820377.636253,297358131436.1678,ethereum
2025-05-10 18:04:40.078,2463.0493752193365,22448786277.792088,298042456522.0106,ethereum
2025-05-10 19:04:53.086,2494.8214383892114,26503156824.88405,301597558173.71674,ethereum
2025-05-10 20:04:24.950,2499.2311450180764,26326883457.792038,301677326646.2685,ethereum
2025-05-10 21:06:17.093,2496.806622215673,26640803403.78225,301351297799.16583,ethereum
2025-05-10 22:04:46.288,2533.508422992027,27512465690.582428,304673673392.96027,ethereum
2025-05-10 23:04:35.304,2577.0763576188947,27959506195.055298,310909052862.57526,ethereum
2025-05-11 00:04:39.909,2582.983998398728,30128734750.21809,311960228485.0462,ethereum
2025-05-11 01:04:27.193,2543.6022541558873,30309754856.97862,306980536565.2843,ethereum
2025-05-11 02:09:14.961,2529.0688757311964,31647465525.43441,305298442842.3021,ethereum
2025-05-11 03:04:48.157,2540.8436765317538,33411174567.794743,306330287672.46375,ethereum
2025-05-11 04:04:32.309,2540.6601163212963,33896585669.788452,306798397801.64215,ethereum
2025-05-11 05:04:42.289,2542.0137067590467,34051724260.277126,306552781410.3808,ethereum
2025-05-11 06:04:46.178,2557.147577077816,32943709458.854588,308844427651.2681,ethereum
2025-05-11 07:04:55.698,2521.919191400285,33212002307.546,304370220686.4416,ethereum
2025-05-11 08:06:35.829,2484.274493805167,34207148205.776608,299044761171.8288,ethereum
2025-05-11 09:00:39.407,2482.476382924751,32655008636.475964,299840781278.381,ethereum
2025-05-11 10:04:57.804,2515.203804285232,32956976821.732903,303741995899.23035,ethereum
2025-05-11 11:05:59.577,2509.614582828338,32314375817.84496,302576056764.51434,ethereum
2025-05-11 12:04:47.901,2528.7848474402176,31319113660.69119,305017915828.43494,ethereum
2025-05-11 13:04:38.599,2517.628700976869,31594582900.266624,304166294454.2139,ethereum
2025-05-11 14:03:52.220,2480.2988750444515,31852235928.909355,299656305083.81226,ethereum
2025-05-11 15:08:58.011,2491.1468312536726,31577179917.791588,300398440931.7643,ethereum
2025-05-11 16:04:58.513,2462.533734758777,30491015563.52011,297497448733.1766,ethereum
2025-05-11 17:04:59.024,2469.1137424257754,29634976073.65354,297790908473.93567,ethereum
2025-05-11 18:04:53.464,2491.714659484113,28716951043.094204,300839510521.11554,ethereum
2025-05-11 19:04:35.217,2506.7572188940494,28476352282.282635,302882108481.4635,ethereum
2025-05-11 20:04:36.984,2513.8253887796327,29544577800.616478,303782781880.45557,ethereum
2025-05-11 21:04:55.852,2508.131804094531,29096860683.231194,302838812011.9571,ethereum
2025-05-11 22:09:19.594,2517.566785683754,28577807083.804897,303971348370.7156,ethereum
2025-05-11 23:03:20.333,2501.018796919014,27677363069.71543,301906098275.97217,ethereum
2025-05-12 00:04:59.921,2509.652769049867,25926958924.607414,302961308420.7588,ethereum
2025-05-12 01:09:34.812,2533.807923829595,24232377076.295593,305711889192.3747,ethereum
2025-05-12 02:01:42.158,2510.9157019634945,21947134660.03107,302935110315.5032,ethereum
2025-05-12 03:04:47.247,2520.8609615225037,23499662084.366295,304206161466.1203,ethereum
2025-05-12 04:03:27.520,2516.6969110791624,23338734058.548084,303907709379.1775,ethereum
2025-05-12 05:02:21.842,2517.862202056849,23269846116.811348,303828191984.6837,ethereum
2025-05-12 06:00:43.426,2496.5332619948917,22281072607.059,301439100629.3288,ethereum
2025-05-12 07:04:46.504,2516.7957844967186,22215027728.09653,303641007344.136,ethereum
2025-05-12 08:09:31.530,2549.894723572004,22468783669.226242,308059900649.6227,ethereum
2025-05-12 09:04:00.741,2574.938935577758,24735835889.378986,310904037489.4658,ethereum
2025-05-12 10:04:38.611,2551.600622391546,23693658957.182827,308081982779.79767,ethereum
2025-05-12 11:01:04.886,2557.7534306841217,24930270376.936012,308689378570.00824,ethereum
2025-05-12 12:01:33.870,2530.9107979203077,24974246401.123703,305459520544.34375,ethereum
2025-05-12 13:04:51.034,2553.8584535235113,25650716534.376236,308454743650.0398,ethereum
2025-05-12 14:01:40.802,2561.688889607242,26046958541.623108,309513441492.3372,ethereum
2025-05-12 15:04:36.661,2512.565026605353,27606712431.75607,303345761203.888,ethereum
2025-05-12 16:01:04.057,2488.87195754918,27862649282.642056,300953485220.5881,ethereum
2025-05-12 17:04:39.407,2502.6531331532437,28514674772.97121,302357825981.7888,ethereum
2025-05-12 18:04:59.808,2477.259988751511,28679993552.651424,299032365130.12933,ethereum
2025-05-12 19:06:13.472,2443.223474051164,30340723909.399883,294436481459.2359,ethereum
2025-05-12 20:04:57.465,2457.6391105671846,31040783005.70091,296572283660.09814,ethereum
2025-05-12 21:04:41.858,2487.0117849933504,32372916131.962444,299969171256.61755,ethereum
2025-05-12 22:09:17.648,2481.728663161603,32556025588.358086,299436300173.7064,ethereum
2025-05-12 23:04:51.239,2488.7558379805832,31222320784.342247,300624618365.7189,ethereum
2025-05-13 00:04:54.834,2493.597278406928,32161395066.553185,300878544905.94055,ethereum
2025-05-13 01:04:59.178,2466.4944449357904,30799284717.227154,297893612648.5413,ethereum
2025-05-13 02:04:56.123,2455.9614263805074,29919085207.335293,296504125854.25354,ethereum
2025-05-13 03:02:32.349,2438.301285275964,31247540513.002583,294302371765.3111,ethereum
2025-05-13 04:04:42.106,2425.7601283044037,31586059301.503517,292790270757.9362,ethereum
2025-05-13 05:04:53.159,2454.807550281412,31609506386.185215,296388572642.14764,ethereum
2025-05-13 06:05:44.055,2446.6585700495116,33059358898.640163,295380508446.88745,ethereum
2025-05-13 07:04:52.938,2453.8896286636946,31926365888.331436,296210976565.08636,ethereum
2025-05-13 08:01:15.974,2463.5322329469736,29016325785.289116,297541126550.12585,ethereum
2025-05-13 09:04:59.122,2457.971541681895,27518164940.677216,296754185376.0159,ethereum
2025-05-13 10:07:01.574,2484.049656824745,25672752019.710255,299847402410.3928,ethereum
2025-05-13 11:04:45.918,2482.6707854548476,26580778282.886986,299655433646.3279,ethereum
2025-05-13 12:04:46.571,2512.4143281272777,25210618259.505413,302769316407.1509,ethereum
2025-05-13 13:09:21.587,2527.1019032055533,27903929288.083557,305095622234.4875,ethereum
2025-05-13 14:04:57.101,2548.1829406558836,27902879580.59238,307507266826.95575,ethereum
2025-05-13 15:01:28.993,2542.099496209644,26753546118.65657,306980373679.26843,ethereum
2025-05-13 16:07:15.261,2563.93648286593,25951979674.702896,309473227273.41394,ethereum
2025-05-13 17:00:10.547,2587.807683280823,27388707051.724236,312504529975.7284,ethereum
2025-05-13 18:02:16.523,2610.043438204742,28749818556.90032,315122211704.7588,ethereum
2025-05-13 19:04:44.325,2643.039967153253,28704409454.52044,319091125424.54047,ethereum
2025-05-13 20:04:38.574,2693.093801248166,28830768551.681404,325405427005.5596,ethereum
2025-05-13 21:01:38.436,2687.842755951372,30966339638.070766,324481831226.7495,ethereum
2025-05-13 22:08:50.675,2687.5656928121816,32529170585.61285,324482502846.69745,ethereum
2025-05-13 23:04:04.311,2692.6072947156576,32898341915.542892,325319421529.28754,ethereum
2025-05-14 00:06:32.173,2676.639163127913,32279895881.637806,322977150438.36176,ethereum
2025-05-14 01:04:38.876,2690.3732925170607,34145426838.253002,324809659494.9005,ethereum
2025-05-14 02:04:45.823,2683.5774597263307,35879028378.82714,324256270733.94794,ethereum
2025-05-14 03:02:21.297,2647.1271171903522,35218951678.04867,319672168315.79663,ethereum
2025-05-14 04:07:41.781,2642.250566353624,34826737809.446335,319061235056.2175,ethereum
2025-05-14 05:04:27.446,2663.3081856012195,36736780497.670845,321218242608.8044,ethereum
2025-05-14 06:04:43.821,2672.604896794861,36591162669.42097,322609232656.23755,ethereum
2025-05-14 07:03:05.824,2670.3539283361374,36650704289.15902,322310134750.18195,ethereum
2025-05-14 08:01:57.862,2650.4831851815356,37165091527.29873,320051032509.25635,ethereum
2025-05-14 09:04:42.339,2619.282307934333,37983299435.90411,316259330767.0038,ethereum
2025-05-14 10:04:00.936,2605.246018876184,37510561874.48675,314604823950.56366,ethereum
2025-05-14 11:04:54.312,2599.7889780442815,37927293725.49935,313932700967.36426,ethereum
2025-05-14 12:06:19.545,2621.652196289827,39330778595.05548,316439936405.54956,ethereum
2025-05-14 13:07:18.252,2614.383082608857,38463318088.09994,315665224067.0358,ethereum
2025-05-14 14:04:46.386,2601.6724286542085,37912359375.663086,314213740150.088,ethereum
2025-05-14 15:18:34.703,2580.419455497946,37574635192.734024,311441058067.7443,ethereum
2025-05-14 16:04:49.865,2592.4745383188683,37635357602.71418,312964031649.39386,ethereum
2025-05-14 17:07:18.135,2587.1170258836414,36386198692.464516,312338895504.8442,ethereum
2025-05-14 18:11:58.834,2587.940237457179,34776079161.03372,312086203591.252,ethereum
2025-05-14 19:04:49.539,2599.2146715401036,34541036139.40729,313791448217.3353,ethereum
2025-05-14 20:01:59.041,2605.3313758060663,32512482150.62691,314528333762.10956,ethereum
2025-05-14 21:04:56.151,2604.0176546505113,30211515581.304348,314337487564.22363,ethereum
2025-05-14 22:04:56.032,2599.0294612168564,29408529762.201954,313566639220.309,ethereum
2025-05-14 23:04:37.885,2596.3996340952376,28781576358.351353,313474208555.12146,ethereum
2025-05-15 00:09:49.981,2609.010738285919,28051530937.51136,314669349615.9531,ethereum
2025-05-15 01:07:56.163,2635.9021502165165,27301666751.201183,318171247733.00854,ethereum
2025-05-15 02:00:58.307,2594.575800503881,26566955814.843243,313418576787.41864,ethereum
2025-05-15 03:08:03.653,2592.7810169977756,23423524088.738266,313017071902.89453,ethereum
2025-05-15 04:09:06.866,2578.734771895038,24750597043.745674,311346493235.00964,ethereum
2025-05-15 05:04:35.192,2589.383247071365,24474753379.843887,312572286706.56555,ethereum
2025-05-15 06:09:54.073,2574.47085519388,24311431387.83107,311064050741.2495,ethereum
2025-05-15 07:06:47.521,2570.8327120955623,24296825098.54454,310348669021.6137,ethereum
2025-05-15 08:04:45.952,2534.558520582415,24524652522.337776,306014295234.2031,ethereum
2025-05-15 09:09:55.648,2557.8530783618153,24443941047.083977,308802787340.9758,ethereum
2025-05-15 10:09:47.521,2538.1500465104095,22086256739.464035,306450309847.7027,ethereum
2025-05-15 11:09:50.058,2539.6627200802664,23295391015.239143,306444768203.07684,ethereum
2025-05-15 12:09:33.915,2554.1279846172924,20860888699.724636,308303829280.42474,ethereum
2025-05-15 13:04:54.662,2558.5851458575667,23316697860.181744,309043668017.414,ethereum
2025-05-15 14:04:56.627,2540.0974737332403,23129925395.645493,306860509704.4297,ethereum
2025-05-15 15:04:50.559,2498.0099653226157,22591518666.443554,301533375000.4784,ethereum
2025-05-15 16:06:00.329,2553.1223188927756,23821359777.546387,307892401680.8238,ethereum
2025-05-15 17:09:42.575,2582.0736709573835,24499772100.948345,311635207434.77045,ethereum
2025-05-15 18:09:31.416,2582.7428605349896,24762602240.61569,311988573628.2602,ethereum
2025-05-15 19:03:34.283,2530.5033799659595,21712982193.713993,306149046415.94696,ethereum
2025-05-15 20:04:57.137,2531.073450307276,24777997485.275467,305546176851.38617,ethereum
2025-05-15 21:04:58.087,2536.0546164029306,24874516107.160255,306173542706.38995,ethereum
2025-05-15 22:04:38.350,2534.4805502687436,25818860935.115044,305713603437.09875,ethereum
2025-05-15 23:08:37.501,2547.3021542428714,26081077554.163666,307533254739.47723,ethereum
2025-05-16 00:02:21.378,2545.164709532804,25936977821.052677,307010201169.10144,ethereum
2025-05-16 01:09:56.884,2547.9675686436753,26141949604.52675,307946814062.72687,ethereum
2025-05-16 02:00:00.759,2560.6618490828914,25544367556.016674,309093177187.42926,ethereum
2025-05-16 03:09:58.385,2573.0438033332252,25281539004.196674,310574749350.06757,ethereum
2025-05-16 04:04:47.439,2577.256476750408,24938469005.92616,311120467855.296,ethereum
2025-05-16 05:09:44.807,2573.615865195518,25196276949.334805,310656273970.1161,ethereum
2025-05-16 06:09:28.564,2592.7251846137797,21674922691.022964,312915846916.5944,ethereum
2025-05-16 07:04:55.028,2596.529468272622,24754514539.854813,313489922410.4108,ethereum
2025-05-16 08:01:12.763,2602.902408338982,24910662199.358757,314242572937.7482,ethereum
2025-05-16 09:09:52.670,2570.797399622884,24006274201.024246,310330877692.7226,ethereum
2025-05-16 10:06:08.004,2611.309921716259,25158577422.28454,315245979674.7403,ethereum
2025-05-16 11:07:26.083,2625.767716928986,24494160722.694954,316931293081.771,ethereum
2025-05-16 12:00:56.976,2623.2676655805617,25274698532.770523,316826832017.1873,ethereum
2025-05-16 13:04:48.300,2602.947385198418,23768358067.801937,314275615627.7718,ethereum
2025-05-16 14:05:25.853,2605.8338171387136,25265584116.899147,314706704576.3906,ethereum
2025-05-16 15:01:10.432,2585.846485594543,24779804569.75546,312191486420.6327,ethereum
2025-05-16 16:09:49.740,2593.126551929814,24211949861.480705,312966990501.02014,ethereum
2025-05-16 17:08:33.541,2584.7486201111797,22040908468.541817,311962294879.8515,ethereum
2025-05-16 18:04:25.584,2582.036350469725,23153256611.54328,311745314251.61444,ethereum
2025-05-16 19:04:57.400,2587.023284299048,22096327665.850822,312272009589.8061,ethereum
2025-05-16 20:04:43.438,2585.911962644756,21504648718.960808,312172817007.0108,ethereum
2025-05-16 21:01:15.469,2567.4109901568727,16498915610.02877,309970977891.01605,ethereum
2025-05-16 22:00:58.350,2570.3422398822163,20939351074.872803,310451426519.67737,ethereum
2025-05-16 23:04:44.585,2546.2337063140153,21078194743.40897,307749087544.25305,ethereum
2025-05-17 00:09:40.648,2540.1707179128266,21249729353.288437,306854407156.3527,ethereum
2025-05-17 01:04:52.668,2506.6753422614074,22100634058.69104,302584791084.92706,ethereum
2025-05-17 02:04:53.854,2480.600619380282,22999910089.273018,299564894562.1068,ethereum
2025-05-17 03:04:53.171,2488.7191793761926,23896513009.97739,300481141722.23346,ethereum
2025-05-17 04:06:49.969,2495.5494905613145,22478032483.688114,301168802149.1709,ethereum
2025-05-17 05:04:42.404,2506.3456236947027,24039625253.167297,302590585617.26263,ethereum
2025-05-17 06:09:48.817,2488.7154249662867,23791660382.365044,300468245554.2398,ethereum
2025-05-17 07:09:36.150,2492.3291337766423,23457385101.41293,300832944783.996,ethereum
2025-05-17 08:04:45.695,2492.5131505112663,23027379862.98901,300914195287.9642,ethereum
2025-05-17 09:09:53.382,2486.5222805481617,22104775242.576683,300283540306.8347,ethereum
2025-05-17 10:09:45.467,2481.203156344918,21159231631.62854,299545845807.03845,ethereum
2025-05-17 11:09:28.393,2483.86592123914,20927902732.044415,299843322399.0024,ethereum
2025-05-17 12:03:43.209,2484.468366109973,18341515911.402756,299817434112.9891,ethereum
2025-05-17 13:02:39.504,2478.149153543606,20161402150.4786,299316798342.98987,ethereum
2025-05-17 14:06:02.020,2458.8441592006197,19726973787.305317,296736668235.11725,ethereum
2025-05-17 15:01:58.242,2479.9934266278015,18197133199.51373,299219805981.3279,ethereum
2025-05-17 16:03:30.772,2478.6177260779464,18582106327.100746,299269780023.1951,ethereum
2025-05-17 17:08:22.957,2462.241924926455,18229224655.905346,297239995257.78784,ethereum
2025-05-17 18:04:39.265,2474.8645858948557,16869318202.03956,298850632790.7263,ethereum
2025-05-17 19:04:26.508,2474.8111068284466,18365371842.426495,299054840772.1296,ethereum
2025-05-17 20:07:46.002,2473.8835339716798,18294697396.921783,298690439012.0391,ethereum
2025-05-17 21:07:47.738,2483.068045267888,18445428876.845917,299775045499.8754,ethereum
2025-05-17 22:04:40.302,2485.991156056452,17583399604.57412,300110975611.18365,ethereum
2025-05-17 23:04:49.004,2462.5921144113718,16517942599.627104,297357299107.82776,ethereum
2025-05-18 00:06:33.314,2476.1381403269975,16938169740.100563,298810448368.27374,ethereum
2025-05-18 01:04:48.050,2478.3973825094936,16388495260.007761,299171419849.42737,ethereum
2025-05-18 02:04:48.484,2482.404045957829,14867650745.161785,299458355922.8086,ethereum
2025-05-18 03:04:57.185,2481.794375356485,13636317891.355106,299734387437.16315,ethereum
2025-05-18 04:05:50.871,2479.491292796371,12156358789.637146,299341895494.2814,ethereum
2025-05-18 05:04:44.303,2485.336324789543,13207258370.783955,300048510153.94977,ethereum
2025-05-18 06:01:21.595,2507.997261415804,12963023040.28608,302453141857.4331,ethereum
2025-05-18 07:07:35.994,2498.071958809907,12469833913.176714,301534094065.4829,ethereum
2025-05-18 08:06:38.909,2508.225832929976,13034264278.994293,302784569420.99066,ethereum
2025-05-18 09:02:42.256,2520.6672436076537,12506777287.488459,304351095190.35175,ethereum
2025-05-18 10:02:39.668,2511.7531839533694,12941269441.698273,303238369788.68854,ethereum
2025-05-18 11:02:41.275,2504.659427984933,12532225695.944016,302342989433.1453,ethereum
2025-05-18 12:04:40.044,2504.6818401916885,12853649582.676538,302538113913.7563,ethereum
2025-05-18 13:09:20.470,2506.100399298591,12709431433.064657,302555435223.6241,ethereum
2025-05-18 14:09:57.200,2526.4275317572856,12795808312.53021,304038671805.2661,ethereum
2025-05-18 15:09:42.890,2555.6649754079067,12707447120.102428,308505972368.3233,ethereum
2025-05-18 16:09:34.399,2575.9898635458676,14403308554.214985,310950776964.82715,ethereum
2025-05-18 17:09:45.688,2572.0945536827076,15137866328.719263,310487874681.7174,ethereum
2025-05-18 18:09:42.882,2513.716035118618,16220495254.95779,305439468106.2894,ethereum
2025-05-18 19:00:47.242,2471.5628888085416,17979489644.95397,298502631517.0006,ethereum
2025-05-18 20:09:40.179,2406.548808141917,18175083617.656357,290935563751.8974,ethereum
2025-05-18 21:01:41.117,2396.875493358906,22039349946.931755,289070957743.65137,ethereum
2025-05-18 22:02:32.711,2417.6903103142035,22841363972.23807,292127424138.6291,ethereum
2025-05-18 23:04:42.535,2433.234095580067,24097220767.54822,293441105742.2126,ethereum
2025-05-19 00:03:14.193,2473.8388724116753,25136437015.942184,298059918893.8026,ethereum
2025-05-19 01:09:39.906,2442.8263844996154,25993646969.389927,294947963947.04034,ethereum
2025-05-19 02:04:53.392,2432.2299411608524,26778463120.88534,293679269582.92346,ethereum
2025-05-19 03:05:33.206,2408.593010315303,28206712874.233257,290963051925.54047,ethereum
2025-05-19 04:04:58.525,2386.6355426158184,28626982026.48155,288175141707.96954,ethereum
2025-05-19 05:04:36.396,2370.8394723665187,29899469255.52743,286419635594.09827,ethereum
2025-05-19 06:01:06.511,2379.529587610473,29634562140.668697,287289383993.7061,ethereum
2025-05-19 07:04:33.630,2371.09160363549,30526587679.94687,286481249057.63855,ethereum
2025-05-19 08:04:58.277,2404.1273345300633,29736131954.4458,290209855910.8745,ethereum
2025-05-19 09:04:58.120,2403.22123013882,31817390619.213024,290124429739.0207,ethereum
2025-05-19 10:09:47.948,2407.2132176724162,32347605775.479137,290695179190.4692,ethereum
2025-05-19 11:09:42.235,2412.664347409646,32616714310.475243,291207474703.3538,ethereum
2025-05-19 12:09:37.723,2417.265492533581,32798409478.480927,291828844910.07886,ethereum
2025-05-19 13:04:46.371,2397.258909546654,32991476700.734783,289494798244.92487,ethereum
2025-05-19 14:02:21.031,2427.263660528342,33335322512.203606,292516941510.558,ethereum
2025-05-19 15:09:29.021,2450.2203728318386,33834422724.146877,295809141531.60754,ethereum
2025-05-19 16:04:59.864,2463.755062721722,32823993383.875164,297375271421.54425,ethereum
2025-05-19 17:09:53.418,2495.1987290344828,34323243426.29324,300446411216.1063,ethereum
2025-05-19 18:09:45.372,2515.758548892882,31275328703.502728,303991039329.6358,ethereum
2025-05-19 19:01:02.458,2495.157597158679,30869839541.97983,301282377946.05286,ethereum
2025-05-19 20:08:54.109,2519.618669522085,31699189971.60579,304109644779.3996,ethereum
2025-05-19 21:09:51.341,2521.8274378683736,30317633648.449444,304493045362.018,ethereum
2025-05-19 22:04:47.319,2517.148307128567,30038920362.46596,303691235191.95306,ethereum
2025-05-19 23:06:42.648,2503.3632536763234,29483756355.341877,302162840009.1375,ethereum
2025-05-20 00:09:00.000,2530.2205646394577,26264007296.87914,305147639295.4895,ethereum
